Macrogroup;phylum;class;order;family;genus;species
Phytoplankton;Heterokontophyta;Bacillariophyceae;;;;
Phytoplankton;Haptophyta ;Coccolithophyceae;;;;
Phytoplankton;Myzozoa;Dinophyceae;;;;
Phytoplankton;Chlorophyta;;;;;
Phytoplankton;Cyanobacteria;;;;;
Zooplankton;Foraminifera;Globothalamea;;;;
Zooplankton;Foraminifera;Tubothalamea;;;;
Zooplankton;Foraminifera;Monothalamea;;;;
Zooplankton;Retaria;Acantharia;;;;
Zooplankton;Cercozoa;Thecofilosea;Phaeodaria;;;
Zooplankton;Ciliophora;Spirotrichea;Tintinnina;;;
Zooplankton;Cnidaria;Hydrozoa;;;;
Zooplankton;Cnidaria;Scyphozoa;;;;
Zooplankton;Ctenophora;;;;;
Zooplankton;Rotifera;Monogononta;;;;
Zooplankton;Mollusca;Gastropoda;Heteropoda;;;
Zooplankton;Mollusca;Gastropoda;Pteropoda;;;
Zooplankton;Arthropoda;Copepoda;;;;
Zooplankton;Arthropoda;Euphausiacea;;;;
Zooplankton;Arthropoda;Amphipoda;;;;
Zooplankton;Arthropoda;Ostracoda;;;;
Zooplankton;Chaetognatha;;;;;
Zooplankton;Tunicata ;Thaliacea;;;;
Zooplankton;Tunicata ;Appendicularia;;;;
Benthic Invertebrates;Porifera ;Demospongiae;;;;
Benthic Invertebrates;Porifera ;Hexactinellida;;;;
Benthic Invertebrates;Porifera ;Calcarea;;;;
Benthic Invertebrates;Cnidaria;Anthozoa;;;;
Benthic Invertebrates;Platyhelminthes;Turbellaria;;;;
Benthic Invertebrates;Annelida;Polychaeta;;;;
Benthic Invertebrates;Mollusca;Bivalvia;Veneroida;;;
Benthic Invertebrates;Mollusca;Bivalvia;Mytiloida;;;
Benthic Invertebrates;Mollusca;Bivalvia;Ostreida;;;
Benthic Invertebrates;Mollusca;Gastropoda;Neogastropoda;;;
Benthic Invertebrates;Mollusca;Gastropoda;Vetigastropoda;;;
Benthic Invertebrates;Mollusca;Polyplacophora;Chitonida;;;
Benthic Invertebrates;Arthropoda;Malacostraca;Decapoda;;;
Benthic Invertebrates;Arthropoda;Malacostraca;Isopoda;;;
Benthic Invertebrates;Arthropoda;Maxillopoda;Cirripedia;;;
Benthic Invertebrates;Echinodermata;Asteroidea;;;;
Benthic Invertebrates;Echinodermata;Echinoidea;;;;
Benthic Invertebrates;Echinodermata;Holothuroidea;;;;
Benthic Invertebrates;Echinodermata;Ophiuroidea;;;;
Benthic Invertebrates;Bryozoa ;Gymnolaemata;;;;
Benthic Invertebrates;Brachiopoda;Rhynchonellata;;;;
Benthic Invertebrates;Brachiopoda;Lingulata;;;;
Benthic Invertebrates;Nemertea;Enopla;;;;
Benthic Invertebrates;Nemertea;Anopla;;;;
Benthic Invertebrates;Sipuncula;Sipunculidea;;;;
Benthic Invertebrates;Phoronida;Phoronidea;;;;
Fish;Chordata;Teleostei;;;;
Crustaceans;Arthropoda;Branchiopoda;;;;
Crustaceans;Arthropoda;Remipedia;;;;
Crustaceans;Arthropoda;Cephalocarida;;;;
Crustaceans;Arthropoda;Ostracoda;;;;
Crustaceans;Arthropoda;Copepoda;;;;
Crustaceans;Arthropoda;Thecostraca;;;;
Crustaceans;Arthropoda;Malacostraca;;;;
Crustaceans;Arthropoda;Mystacocarida;;;;
Crustaceans;Arthropoda;Pentastomida;;;;
Macroalgae;Chlorophyta;;;;;
Macroalgae;Rhodophyta;;;;;
Macroalgae;Ochrophyta;;;;;
Cephalopods;Mollusca;Cephalopoda;;;;
